ID,Name,Date,Amount
00000001,Dawn Shannon,2023-01-02,403
00000002,Lori Goodwin,2023-01-02,495
00000003,Kaitlin Whitaker,2023-01-02,364
00000004,Matthew Rodriguez,2023-01-02,399
00000005,Matthew Garrett,2023-01-02,239
00000006,Julie Richardson,2023-01-02,216
00000007,Kevin Abbott,2023-01-02,221
00000008,Blake Davis,2023-01-02,158
00000009,Michael Wilson,2023-01-02,478
00000010,Nicole Barber,2023-01-02,184
00000011,Erin Davis,2023-01-02,462
00000012,Jessica Carr,2023-01-02,176
00000013,Nancy Stark,2023-01-02,455
00000014,Taylor Flowers,2023-01-02,427
00000015,Joshua Green,2023-01-02,249
00000016,Isaiah Gross,2023-01-02,187
00000017,Angela Thomas,2023-01-02,468
00000018,Christopher Lane,2023-01-02,206
00000019,Dawn Lee,2023-01-02,134
00000020,Isabella Dawson,2023-01-02,127
00000021,Jason Fitzgerald,2023-01-02,158
00000022,Lisa Jones,2023-01-02,370
00000023,Jennifer Brown,2023-01-02,198
00000024,Erin Ramirez,2023-01-02,118
00000025,Ian Anderson,2023-01-02,196
00000026,Amanda Potter,2023-01-02,395
00000027,Richard Beck,2023-01-02,477
00000028,David Washington,2023-01-02,221
00000029,Kayla Jackson,2023-01-02,229
00000030,Chelsea Koch,2023-01-02,287
00000031,Rachael Lee,2023-01-02,254
00000032,Heather Lee,2023-01-02,272
00000033,Daniel Murray,2023-01-02,450
00000034,Derek Garcia,2023-01-02,205
00000035,Robert Howe DDS,2023-01-02,304
00000036,Joanne Chapman,2023-01-02,304
00000037,Nancy Leonard,2023-01-02,239
00000038,Christian Thompson,2023-01-02,143
00000039,Renee Hernandez,2023-01-02,447
00000040,Robert Oconnor,2023-01-02,248
00000041,Jeffery Rodgers,2023-01-02,173
00000042,Tiffany Perry,2023-01-02,110
00000043,Charles Wolfe,2023-01-02,367
00000044,Taylor Willis,2023-01-02,436
00000045,Victoria Watson,2023-01-02,339
00000046,Timothy Cooper,2023-01-02,296
00000047,Elizabeth Todd,2023-01-02,448
00000048,Daniel Ray,2023-01-02,404
00000049,Tommy Roberts,2023-01-02,197
00000050,Terry Anderson,2023-01-02,371
00000051,Brian Long,2023-01-02,190
00000052,Alexandra Hawkins,2023-01-02,448
00000053,Carrie Wagner,2023-01-02,104
00000054,Adam Jenkins,2023-01-02,415
00000055,Brandon Nelson,2023-01-02,104
00000056,David Norton,2023-01-02,455
00000057,James Wright,2023-01-02,414
00000058,Charles Hart,2023-01-02,437
00000059,Thomas Stevens,2023-01-02,150
00000060,Maurice Carlson,2023-01-02,498
00000061,Matthew Fernandez,2023-01-02,113
00000062,Tracy Nicholson,2023-01-02,136
00000063,Erin Hernandez,2023-01-02,278
00000064,Isaac Rodriguez,2023-01-02,375
00000065,Nancy Smith,2023-01-02,245
00000066,Sandra Jones,2023-01-02,479
00000067,Emily Jimenez,2023-01-02,495
00000068,Paul Taylor,2023-01-02,112
00000069,Katherine Woodard,2023-01-02,163
00000070,Linda Garcia,2023-01-02,333
00000071,John French,2023-01-02,160
00000072,Joseph Gomez,2023-01-02,419
00000073,Carl Duran,2023-01-02,293
00000074,Adriana Smith,2023-01-02,113
00000075,Jennifer Gray,2023-01-02,105
00000076,Valerie Werner,2023-01-02,434
00000077,Matthew Romero,2023-01-02,130
00000078,Donald Lucas,2023-01-02,162
00000079,Gary Lang,2023-01-02,422
00000080,Jared Campbell,2023-01-02,191
00000081,Billy Hernandez,2023-01-02,224
00000082,Michelle Kelly,2023-01-02,153
00000083,Jacob Walter,2023-01-02,119
00000084,Cassandra Davidson,2023-01-02,371
00000085,Donna Lutz,2023-01-02,144
00000086,Miss Kelsey Rivera,2023-01-02,284
00000087,Donald Johnston,2023-01-02,433
00000088,Amy Wilson,2023-01-02,335
00000089,Shelby Henderson,2023-01-02,177
00000090,Mark Livingston,2023-01-02,377
00000091,Alexander Beltran,2023-01-02,432
00000092,Samantha Liu,2023-01-02,494
00000093,Bianca Crawford,2023-01-02,208
00000094,Matthew Myers,2023-01-02,104
00000095,Allison Rosario,2023-01-02,212
00000096,Bruce Barber,2023-01-02,115
00000097,Jeremiah Flores,2023-01-02,183
00000098,Zachary Foster,2023-01-02,274
00000099,Michael Martin,2023-01-02,489
00000100,Alex Rice,2023-01-02,407
00000101,Jonathan Hopkins,2023-01-02,452
00000102,Rachel Keller,2023-01-02,475
00000103,Ashley Bailey,2023-01-02,464
00000104,David Thompson,2023-01-02,196
00000105,Jennifer Cole,2023-01-02,187
00000106,Douglas Garcia,2023-01-02,359
00000107,Sarah Garcia,2023-01-02,315
00000108,Kimberly Payne,2023-01-02,412
00000109,Wendy Oliver,2023-01-02,366
00000110,Jesse Anderson,2023-01-02,398
00000111,Pamela Hernandez,2023-01-02,174
00000112,Michael Hodge,2023-01-02,219
00000113,Brian Davis,2023-01-02,298
00000114,Taylor Carr,2023-01-02,219
00000115,Stephanie Snyder,2023-01-02,356
00000116,Levi Singleton,2023-01-02,343
00000117,William Williams,2023-01-02,454
00000118,Jason Green,2023-01-02,436
00000119,Whitney Campbell,2023-01-02,181
00000120,Miranda Brooks,2023-01-02,353
00000121,Cheryl Park,2023-01-02,293
00000122,Anthony Garcia,2023-01-02,421
00000123,Dana Johnson,2023-01-02,452
00000124,Jon Williams,2023-01-02,487
00000125,Joseph Parrish,2023-01-02,104
00000126,Mrs. Amber Kelley,2023-01-02,154
00000127,Ashley Parker,2023-01-02,135
00000128,Christian Lewis,2023-01-02,213
00000129,Anthony Kim,2023-01-02,193
00000130,Cynthia Martin,2023-01-02,251
00000131,Steven Martinez,2023-01-02,132
00000132,Michael Green,2023-01-02,196
00000133,Amber Zamora,2023-01-02,469
00000134,Brandon Yoder,2023-01-02,349
00000135,Catherine Nelson,2023-01-02,186
00000136,Travis Cole,2023-01-02,294
00000137,Omar Maxwell,2023-01-02,271
00000138,Angela Norman,2023-01-02,159
00000139,Sarah Williams,2023-01-02,223
00000140,Calvin Cunningham,2023-01-02,138
00000141,Kathy Burgess,2023-01-02,313
00000142,Anita Newman,2023-01-02,319
00000143,Michael Williams,2023-01-02,229
00000144,Kathleen Johnson,2023-01-02,284
00000145,Brendan Cox,2023-01-02,497
00000146,James Jackson,2023-01-02,254
00000147,Matthew Brock,2023-01-02,458
00000148,Jeanette Bass,2023-01-02,262
00000149,Lisa Coleman,2023-01-02,341
00000150,Joy Adams,2023-01-02,380
00000151,Morgan Russo,2023-01-02,149
00000152,Stacy Weaver,2023-01-02,298
00000153,Michael Carrillo,2023-01-02,208
00000154,Wanda Brewer,2023-01-02,250
00000155,James Kaufman,2023-01-02,351
00000156,Mikayla Pacheco,2023-01-02,333
00000157,Rebecca Zhang,2023-01-02,274
00000158,Lisa Johnson,2023-01-02,483
00000159,Rhonda Smith,2023-01-02,190
00000160,Katherine Moss,2023-01-02,448
00000161,Lisa Matthews,2023-01-02,498
00000162,Paula Contreras,2023-01-02,466
00000163,Danielle Salazar,2023-01-02,209
00000164,Alicia Daniels,2023-01-02,259
00000165,Brandon Austin,2023-01-02,385
00000166,Brandon Chung,2023-01-02,399
00000167,Madeline Wang,2023-01-02,351
00000168,Sarah Ayala,2023-01-02,138
00000169,Jessica Garrett,2023-01-02,221
00000170,Jamie Mccarthy,2023-01-02,328
00000171,Victor Thompson,2023-01-02,364
00000172,Nicholas Dixon,2023-01-02,320
00000173,Michael Copeland,2023-01-02,413
00000174,Keith Pace,2023-01-02,139
00000175,Jacob Craig,2023-01-02,419
00000176,Stephanie Mann,2023-01-02,400
00000177,James Thornton,2023-01-02,109
00000178,James Pratt,2023-01-02,269
00000179,Jason Woodard,2023-01-02,268
00000180,William Johnson,2023-01-02,143
00000181,Rebecca Thomas,2023-01-02,320
00000182,William Padilla,2023-01-02,203
00000183,Denise Griffin,2023-01-02,314
00000184,Angela Henderson,2023-01-02,393
00000185,Erin Thompson,2023-01-02,314
00000186,Kristen Hamilton,2023-01-02,107
00000187,Susan Robinson,2023-01-02,386
00000188,Stacy Burgess,2023-01-02,281
00000189,Jeffery Alvarez,2023-01-02,336
00000190,William Medina,2023-01-02,251
00000191,Gabriela Johnson,2023-01-02,292
00000192,Patricia Kelly,2023-01-02,239
00000193,Lucas Johnson,2023-01-02,210
00000194,Melissa Simpson,2023-01-02,397
00000195,James Walters,2023-01-02,139
00000196,Kevin Perez,2023-01-02,176
00000197,Carrie Shelton,2023-01-02,448
00000198,Devin Gonzalez,2023-01-02,362
00000199,Michelle Clark,2023-01-02,208
00000200,Victoria Petty,2023-01-02,314
00000201,Timothy Santana,2023-01-02,231
00000202,Jonathan Brown,2023-01-02,201
00000203,Christian Hill,2023-01-02,148
00000204,Lindsey Herrera,2023-01-02,184
00000205,Maria Mercado,2023-01-02,470
00000206,Samantha Stanley,2023-01-02,255
00000207,David Robinson,2023-01-02,108
00000208,Joseph Young,2023-01-02,258
00000209,Dylan Brown,2023-01-02,471
00000210,Dawn Martinez,2023-01-02,466
00000211,Cindy Price MD,2023-01-02,411
00000212,Kara Joyce,2023-01-02,372
00000213,Robert Jones,2023-01-02,118
00000214,Brett Patel,2023-01-02,486
00000215,Bryan Edwards,2023-01-02,345
00000216,Tracy Oneill,2023-01-02,125
00000217,Katherine Figueroa,2023-01-02,118
00000218,William Carroll,2023-01-02,469
00000219,Michael Parker,2023-01-02,246
00000220,John Ayala Jr.,2023-01-02,332
00000221,Kevin Hall,2023-01-02,218
00000222,Pamela Moody,2023-01-02,258
00000223,Gina Lee,2023-01-02,358
00000224,Andrew Winters,2023-01-02,273
00000225,Cassandra Campbell,2023-01-02,391
00000226,Chelsea Gordon,2023-01-02,279
00000227,Sean Roberson,2023-01-02,223
00000228,Seth Moore,2023-01-02,365
00000229,Nathan Williamson,2023-01-02,405
00000230,Jennifer Villa,2023-01-02,455
00000231,Phyllis Lewis,2023-01-02,258
00000232,Richard Buckley,2023-01-02,242
00000233,Greg Abbott,2023-01-02,277
00000234,Tanner Suarez,2023-01-02,328
00000235,Johnny Stanley,2023-01-02,357
00000236,Jason Brown,2023-01-02,232
00000237,Anthony Jones,2023-01-02,194
00000238,Melissa Freeman,2023-01-02,272
00000239,Michele Guzman,2023-01-02,499
00000240,Robert Gray,2023-01-02,484
00000241,Erica Zavala,2023-01-02,220
00000242,Terrance Spence,2023-01-02,451
00000243,Cesar Richards,2023-01-02,190
00000244,Darlene Walton,2023-01-02,458
00000245,Gary Roberts,2023-01-02,459
00000246,Jamie Velasquez,2023-01-02,486
00000247,Edward Woodard,2023-01-02,112
00000248,Maureen Jones,2023-01-02,379
00000249,George Wright,2023-01-02,159
00000250,Judy Sellers,2023-01-02,468
00000251,Stephanie Lopez,2023-01-02,432
00000252,Anthony Bowman,2023-01-02,136
00000253,Matthew Davis,2023-01-02,440
00000254,Lisa Hansen,2023-01-02,139
00000255,Tyler Miller,2023-01-02,265
00000256,Russell Caldwell,2023-01-02,296
00000257,Theresa Carlson,2023-01-02,222
00000258,Kenneth Sharp,2023-01-02,314
00000259,Thomas Miller,2023-01-02,351
00000260,Joshua Dickerson,2023-01-02,286
00000261,Dana Krause,2023-01-02,140
00000262,Dan Davis,2023-01-02,317
00000263,Jennifer Baker,2023-01-02,357
00000264,Megan Petty,2023-01-02,117
00000265,Angel Vaughn,2023-01-02,381
00000266,Brittany Mosley,2023-01-02,414
00000267,Dawn Gonzalez,2023-01-02,145
00000268,Heather Cook,2023-01-02,155
00000269,Samantha Fleming,2023-01-02,210
00000270,Paula Davis,2023-01-02,169
00000271,Brandi Castaneda,2023-01-02,480
00000272,Amber Weaver,2023-01-02,176
00000273,Michael White,2023-01-02,356
00000274,Eduardo Schmidt,2023-01-02,271
00000275,John Hill,2023-01-02,478
00000276,Ralph Stewart,2023-01-02,356
00000277,Eric Beck,2023-01-02,313
00000278,Robert Baker,2023-01-02,218
00000279,Jennifer Nelson,2023-01-02,124
00000280,Dalton Williams,2023-01-02,260
00000281,Charles Rodriguez,2023-01-02,441
00000282,Nicholas Lopez,2023-01-02,493
00000283,Sarah Phillips,2023-01-02,446
00000284,Kristine Li,2023-01-02,261
00000285,Janet Rice,2023-01-02,127
00000286,Richard Clark,2023-01-02,207
00000287,Chelsea Beltran,2023-01-02,132
00000288,Regina Brown,2023-01-02,157
00000289,Paul Boyd,2023-01-02,174
00000290,John Sanchez,2023-01-02,456
00000291,Sarah Simmons,2023-01-02,203
00000292,Amber Hamilton,2023-01-02,318
00000293,Anne Nielsen,2023-01-02,305
00000294,Mr. Jerry Rogers III,2023-01-02,194
00000295,Bryan Pearson,2023-01-02,488
00000296,Jeremy Lutz,2023-01-02,500
00000297,Rhonda Silva,2023-01-02,467
00000298,Chelsea Johnson,2023-01-02,334
00000299,Cynthia Hickman,2023-01-02,381
00000300,Karen Lynn,2023-01-02,308
00000301,James Smith,2023-01-02,228
00000302,Stephanie Harrison,2023-01-02,125
00000303,Nicole Walters,2023-01-02,442
00000304,Samantha Jones,2023-01-02,400
00000305,Ruben Miller,2023-01-02,321
00000306,Dakota Robinson,2023-01-02,381
00000307,Denise Williams,2023-01-02,186
00000308,Patty Andrews,2023-01-02,149
00000309,James West,2023-01-02,433
00000310,Kimberly Allen,2023-01-02,219
00000311,Jared Price,2023-01-02,310
00000312,Mark Williams,2023-01-02,399
00000313,Jeremy Lamb,2023-01-02,372
00000314,Willie Diaz,2023-01-02,187
00000315,Michael Ruiz,2023-01-02,312
00000316,Anthony Morgan,2023-01-02,354
00000317,Shelly Jones,2023-01-02,398
00000318,Robert Miranda,2023-01-02,403
00000319,Rita Mahoney,2023-01-02,339
00000320,James Wheeler,2023-01-02,360
00000321,Vincent Garner,2023-01-02,389
00000322,Benjamin Washington,2023-01-02,294
00000323,Kathryn Washington,2023-01-02,229
00000324,Elizabeth Smith,2023-01-02,111
00000325,Samantha Boyd,2023-01-02,112
00000326,Lisa Miller,2023-01-02,238
00000327,Justin Branch,2023-01-02,364
00000328,Dalton Moore DVM,2023-01-02,212
00000329,Mary Atkins,2023-01-02,187
00000330,Anne Chase,2023-01-02,396
00000331,Danielle Brady,2023-01-02,133
00000332,Jennifer Montgomery,2023-01-02,145
00000333,Heidi Alvarez,2023-01-02,295
00000334,Shane Jones,2023-01-02,280
00000335,Melanie Griffith,2023-01-02,196
00000336,Bryan Gray,2023-01-02,496
00000337,Steven Smith,2023-01-02,266
00000338,Laura Armstrong,2023-01-02,148
00000339,Melinda Swanson,2023-01-02,176
00000340,Thomas Smith,2023-01-02,288
00000341,Emily Brown,2023-01-02,207
00000342,Steven Walker,2023-01-02,474
00000343,Richard Lewis,2023-01-02,473
00000344,Thomas Caldwell,2023-01-02,304
00000345,Brittany Walker,2023-01-02,418
00000346,Christopher Carter,2023-01-02,142
00000347,Robert Hicks,2023-01-02,346
00000348,William Tucker,2023-01-02,366
00000349,Barbara Sutton,2023-01-02,462
00000350,Linda Spencer,2023-01-02,474
00000351,Andre Garrett,2023-01-02,463
00000352,Lisa Ramirez,2023-01-02,161
00000353,Alan Blair,2023-01-02,303
00000354,Kelli Hernandez,2023-01-02,348
00000355,Michaela Perry,2023-01-02,208
00000356,Phillip Singh,2023-01-02,270
00000357,Patrick Page,2023-01-02,477
00000358,Travis Cox Jr.,2023-01-02,207
00000359,Cody Rhodes,2023-01-02,490
00000360,Ryan Wilson,2023-01-02,454
00000361,Angela Moore,2023-01-02,280
00000362,Melissa Cole,2023-01-02,176
00000363,Haley White,2023-01-02,424
00000364,Brandon Ramirez,2023-01-02,445
00000365,Jason Bailey,2023-01-02,360
00000366,Tricia Scott,2023-01-02,419
00000367,Sarah Williams,2023-01-02,436
00000368,Christopher Mclean,2023-01-02,176
00000369,Jeffrey Smith,2023-01-02,464
00000370,Debra Olson,2023-01-02,303
00000371,Mary Glover,2023-01-02,194
00000372,Ms. Sydney Carpenter DVM,2023-01-02,168
00000373,Barbara Ortiz,2023-01-02,202
00000374,Elizabeth Hartman,2023-01-02,224
00000375,Vincent Anderson,2023-01-02,303
00000376,Erik Koch,2023-01-02,167
00000377,Cassandra Sullivan,2023-01-02,382
00000378,William Gonzalez,2023-01-02,464
00000379,Joy Reyes,2023-01-02,449
00000380,James Benton,2023-01-02,208
00000381,Victoria Nelson,2023-01-02,463
00000382,Susan Taylor,2023-01-02,401
00000383,Sandra Rodgers,2023-01-02,120
00000384,Zachary Goodman,2023-01-02,203
00000385,Christine Kennedy,2023-01-02,390
00000386,Anthony Alexander,2023-01-02,198
00000387,Paul Wilson,2023-01-02,264
00000388,Amanda Reese,2023-01-02,394
00000389,Travis Davis,2023-01-02,145
00000390,Warren Cox,2023-01-02,312
00000391,David Stewart,2023-01-02,428
00000392,Michael Taylor,2023-01-02,280
00000393,Lawrence Jacobs,2023-01-02,209
00000394,William Wheeler,2023-01-02,397
00000395,Deborah Ramirez,2023-01-02,339
00000396,Lindsey Hutchinson,2023-01-02,302
00000397,Christopher Joseph,2023-01-02,478
00000398,Brooke Chapman MD,2023-01-02,296
00000399,Jay Harper,2023-01-02,412
00000400,Lisa Mack,2023-01-02,158
00000401,Justin Newton,2023-01-02,132
00000402,Kylie Pena,2023-01-02,191
00000403,Andrew Mack,2023-01-02,236
00000404,Sarah Richmond,2023-01-02,385
00000405,Laura Thomas,2023-01-02,368
00000406,Brian Edwards MD,2023-01-02,269
00000407,Nicole Martin,2023-01-02,370
00000408,Richard Morrison,2023-01-02,117
00000409,Thomas Perez,2023-01-02,100
00000410,Christy Burgess,2023-01-02,147
00000411,Daniel Miller,2023-01-02,114
00000412,Mr. Gerald Wang,2023-01-02,148
00000413,Gabriela Lopez,2023-01-02,306
00000414,Lori Johnson,2023-01-02,382
00000415,Laura Gomez,2023-01-02,453
00000416,Sandra Moore,2023-01-02,293
00000417,Connie Bowman,2023-01-02,181
00000418,William Moreno,2023-01-02,339
00000419,Jason Ramos,2023-01-02,462
00000420,Kelly Massey,2023-01-02,154
00000421,Keith Adams DDS,2023-01-02,447
00000422,Larry Reid,2023-01-02,311
00000423,Judith Wright,2023-01-02,257
00000424,Deanna Harrison,2023-01-02,117
00000425,Jeffrey Ashley,2023-01-02,214
00000426,Nicholas Kemp,2023-01-02,208
00000427,Cynthia Berg,2023-01-02,183
00000428,Darryl Perkins,2023-01-02,252
00000429,Nicole Wright,2023-01-02,194
00000430,Donna Ryan,2023-01-02,380
00000431,Albert Beck,2023-01-02,200
00000432,Jeff Mahoney,2023-01-02,154
00000433,Stephen Edwards,2023-01-02,187
00000434,Bonnie Suarez,2023-01-02,253
00000435,Troy Wright,2023-01-02,369
00000436,Kelly Rangel,2023-01-02,292
00000437,Pamela Peters,2023-01-02,205
00000438,Lynn Cantrell,2023-01-02,351
00000439,Sarah Stone,2023-01-02,488
00000440,Anthony Duke,2023-01-02,342
00000441,Brittany Cox,2023-01-02,319
00000442,Amanda Norris,2023-01-02,194
00000443,Douglas Murillo MD,2023-01-02,440
00000444,Chad Combs,2023-01-02,336
00000445,Teresa Smith,2023-01-02,199
00000446,Stephanie Henderson,2023-01-02,174
00000447,Stacey Griffin,2023-01-02,288
00000448,Jose Daniel MD,2023-01-02,306
00000449,Gabriel Ryan,2023-01-02,395
00000450,Cindy Rhodes,2023-01-02,412
00000451,Madeline Baldwin,2023-01-02,470
00000452,Bailey Prince,2023-01-02,497
00000453,Alec Edwards,2023-01-02,120
00000454,Virginia Hernandez,2023-01-02,156
00000455,Cheyenne Wilkinson,2023-01-02,448
00000456,Elizabeth Ruiz,2023-01-02,386
00000457,Joseph Graves,2023-01-02,479
00000458,Larry Nash,2023-01-02,180
00000459,Christopher Johnston,2023-01-02,128
00000460,Edward Krause,2023-01-02,253
00000461,James Peterson,2023-01-02,367
00000462,Ashley Ross,2023-01-02,183
00000463,Dr. Michael Larson Jr.,2023-01-02,148
00000464,Nicholas Wilkins,2023-01-02,280
00000465,Frances Sims,2023-01-02,317
00000466,Scott Watts,2023-01-02,449
00000467,Darlene Munoz,2023-01-02,139
00000468,Sarah Jenkins,2023-01-02,149
00000469,Larry Miranda,2023-01-02,327
00000470,Sandra Jones,2023-01-02,135
00000471,Angela Perez,2023-01-02,455
00000472,Collin Kelly,2023-01-02,134
00000473,Susan Riley,2023-01-02,230
00000474,Kimberly Garcia,2023-01-02,137
00000475,Scott Chen,2023-01-02,257
00000476,Aaron Smith,2023-01-02,415
00000477,Benjamin Stevens,2023-01-02,355
00000478,Amanda Carrillo,2023-01-02,235
00000479,Austin Stevens,2023-01-02,462
00000480,Becky Goodwin,2023-01-02,203
00000481,Deborah Davis,2023-01-02,248
00000482,Nicholas Wade,2023-01-02,364
00000483,Elizabeth Montgomery,2023-01-02,389
00000484,Sonya English,2023-01-02,313
00000485,Marissa Tucker,2023-01-02,484
00000486,Richard Lawrence,2023-01-02,221
00000487,Jeffrey Buchanan,2023-01-02,127
00000488,Paul Roberts,2023-01-02,179
00000489,Tami Alvarez,2023-01-02,369
00000490,David Morgan,2023-01-02,428
00000491,Jason Travis,2023-01-02,240
00000492,Wendy Terry,2023-01-02,313
00000493,Pamela Colon,2023-01-02,194
00000494,Mallory Hernandez,2023-01-02,101
00000495,Jason Johnson,2023-01-02,187
00000496,Sean Garcia,2023-01-02,438
00000497,Alexa Kelley,2023-01-02,201
00000498,Jennifer Howard,2023-01-02,152
00000499,Jeremy Lam,2023-01-02,206
00000500,Laurie Moore,2023-01-02,196
00000501,Patrick Spencer,2023-01-02,468
00000502,Dawn Rosales,2023-01-02,153
00000503,Autumn Daniels,2023-01-02,314
00000504,Dr. Ryan Davis,2023-01-02,127
00000505,Lisa Perez,2023-01-02,145
00000506,Angela Bryant,2023-01-02,460
00000507,Michael Kramer,2023-01-02,489
00000508,Alex Bailey,2023-01-02,117
00000509,Misty Yoder,2023-01-02,236
00000510,Jessica Hill,2023-01-02,217
00000511,Timothy Price,2023-01-02,168
00000512,Jerry David,2023-01-02,300
00000513,Ian Montgomery,2023-01-02,238
00000514,Debra Johnson,2023-01-02,315
00000515,John Wood,2023-01-02,411
00000516,Bruce Thomas,2023-01-02,398
00000517,John Clayton,2023-01-02,275
00000518,David Ruiz,2023-01-02,390
00000519,Dana Rodriguez,2023-01-02,381
00000520,Ryan Gibson,2023-01-02,213
00000521,Angel Miller,2023-01-02,326
00000522,Lance Wilson,2023-01-02,136
00000523,Ricky Lin,2023-01-02,483
00000524,Jorge Lopez,2023-01-02,153
00000525,Jessica Kennedy,2023-01-02,338
00000526,Brianna Griffith,2023-01-02,383
00000527,Emily Marquez,2023-01-02,277
00000528,Jesse Gilmore,2023-01-02,127
00000529,Andrew Monroe,2023-01-02,114
00000530,George Phillips,2023-01-02,441
00000531,Brett Moore,2023-01-02,170
00000532,Nancy Ware,2023-01-02,223
00000533,Phillip Davis,2023-01-02,167
00000534,Zachary Hayden,2023-01-02,212
00000535,Alexis Keith,2023-01-02,492
00000536,Lindsey Marshall,2023-01-02,167
00000537,Julia Booker,2023-01-02,113
00000538,Eduardo Clark,2023-01-02,274
00000539,Abigail Odonnell,2023-01-02,171
00000540,Nathan Jenkins,2023-01-02,498
00000541,Thomas Sanders,2023-01-02,425
00000542,Shannon Williams,2023-01-02,206
00000543,Megan Morris,2023-01-02,106
00000544,Kimberly Hood,2023-01-02,461
00000545,Brianna Silva,2023-01-02,463
00000546,Robin Lopez,2023-01-02,121
00000547,Kimberly Boyle,2023-01-02,340
00000548,Jason Dean,2023-01-02,215
00000549,Brittany Buckley,2023-01-02,377
00000550,Jessica Shah,2023-01-02,357
00000551,Jennifer Adams,2023-01-02,394
00000552,Sandra Scott,2023-01-02,233
00000553,Leah Kerr,2023-01-02,237
00000554,William Wiley,2023-01-02,472
00000555,Jason Simmons,2023-01-02,124
00000556,Matthew Johnson,2023-01-02,225
00000557,Martin Cline,2023-01-02,211
00000558,Kayla Reynolds,2023-01-02,471
00000559,Adam Thomas,2023-01-02,422
00000560,Victor Smith,2023-01-02,277
00000561,Daniel Harris,2023-01-02,387
00000562,Cheyenne Bradshaw,2023-01-02,221
00000563,Ryan Rogers,2023-01-02,252
00000564,Brenda Torres,2023-01-02,174
00000565,David Brown,2023-01-02,434
00000566,Mark Osborne,2023-01-02,426
00000567,David Watson,2023-01-02,279
00000568,Marie Butler,2023-01-02,459
00000569,Mikayla Lin PhD,2023-01-02,308
00000570,Sherri Brooks,2023-01-02,107
00000571,Matthew Smith,2023-01-02,154
00000572,Nicholas Payne,2023-01-02,179
00000573,James Petersen,2023-01-02,349
00000574,Tina Floyd,2023-01-02,458
00000575,Frank Williams,2023-01-02,104
00000576,Kelly Garcia,2023-01-02,101
00000577,Tasha Rodriguez,2023-01-02,419
00000578,Evelyn Hooper,2023-01-02,226
00000579,Scott Williams,2023-01-02,212
00000580,Katie Terry,2023-01-02,380
00000581,Charles Krause,2023-01-02,105
00000582,Adam Watts,2023-01-02,206
00000583,Kenneth Miller,2023-01-02,285
00000584,Haley Turner,2023-01-02,265
00000585,Denise Francis,2023-01-02,300
00000586,Ronald Wilson,2023-01-02,388
00000587,Laura Molina,2023-01-02,289
00000588,Mark Johnson,2023-01-02,227
00000589,Anthony Kelly,2023-01-02,440
00000590,Carol Clements,2023-01-02,346
00000591,Kelly Ali,2023-01-02,208
00000592,Christopher Grimes,2023-01-02,441
00000593,Robert Miller,2023-01-02,421
00000594,Amber Guzman,2023-01-02,443
00000595,Sylvia Donaldson,2023-01-02,161
00000596,Tonya Robinson,2023-01-02,334
00000597,Travis Miller,2023-01-02,188
00000598,Jenna Miller,2023-01-02,415
00000599,Bonnie Mosley,2023-01-02,334
00000600,Christopher Velez,2023-01-02,489
00000601,Isabel Anderson,2023-01-02,202
00000602,Sharon Williams,2023-01-02,113
00000603,Peter Nguyen,2023-01-02,117
00000604,Darren Garcia,2023-01-02,397
00000605,Jennifer Andrews,2023-01-02,255
00000606,Crystal Camacho,2023-01-02,448
00000607,Cory Huff,2023-01-02,250
00000608,Katherine Moreno,2023-01-02,141
00000609,Laura Lee,2023-01-02,216
00000610,Jessica Brown,2023-01-02,329
00000611,Tim Sanders,2023-01-02,424
00000612,Samuel Riddle,2023-01-02,330
00000613,Joseph Guerra,2023-01-02,279
00000614,Jonathan Lawrence,2023-01-02,308
00000615,Elizabeth Reyes,2023-01-02,121
00000616,Dr. Stephen Bryan,2023-01-02,184
00000617,Cameron Dean,2023-01-02,231
00000618,Charles Boyd DDS,2023-01-02,446
00000619,Tony Johnson,2023-01-02,442
00000620,Mark Weaver,2023-01-02,257
00000621,Darlene Blackburn,2023-01-02,202
00000622,John Hess,2023-01-02,490
00000623,David Rios,2023-01-02,136
00000624,Eric Potter,2023-01-02,206
00000625,Alexa Palmer,2023-01-02,321
00000626,Rodney Jones,2023-01-02,150
00000627,Andres Hurst,2023-01-02,204
00000628,Nicole Espinoza,2023-01-02,238
00000629,Susan Jones,2023-01-02,172
00000630,Ernest Mcmahon,2023-01-02,130
00000631,Dale Martin,2023-01-02,435
00000632,Robert Moore,2023-01-02,117
00000633,George Garcia,2023-01-02,174
00000634,Mark Richardson,2023-01-02,314
00000635,Cody Sparks,2023-01-02,413
00000636,David Hernandez,2023-01-02,159
00000637,Bob Mccarthy,2023-01-02,444
00000638,Andrea Clayton,2023-01-02,159
00000639,Erin George,2023-01-02,342
00000640,Ernest Dawson,2023-01-02,122
00000641,Brian Moss,2023-01-02,359
00000642,Brian Hester,2023-01-02,365
00000643,Jennifer Scott,2023-01-02,226
00000644,Patrick Lewis,2023-01-02,183
00000645,Lee Shaw,2023-01-02,305
00000646,Martin Hunt,2023-01-02,361
00000647,Pamela Scott,2023-01-02,475
00000648,Micheal Hartman,2023-01-02,494
00000649,Jessica Quinn,2023-01-02,222
00000650,John West,2023-01-02,353
00000651,Jacqueline Sanchez,2023-01-02,439
00000652,Cynthia French,2023-01-02,247
00000653,Aaron Myers,2023-01-02,317
00000654,Timothy Bradley,2023-01-02,169
00000655,Ashley Pena,2023-01-02,238
00000656,Jason Kelly,2023-01-02,327
00000657,Kristin Alexander,2023-01-02,190
00000658,Heather Tran,2023-01-02,487
00000659,Jennifer Ramirez,2023-01-02,428
00000660,Kelli Hampton,2023-01-02,232
00000661,Terri Bauer,2023-01-02,167
00000662,James Le,2023-01-02,144
00000663,Erin Vega,2023-01-02,394
00000664,Jody Saunders,2023-01-02,143
00000665,Carl Jacobs,2023-01-02,100
00000666,Patrick Arnold,2023-01-02,253
00000667,Natasha Shepherd,2023-01-02,456
00000668,John Tucker,2023-01-02,264
00000669,James Wilson,2023-01-02,465
00000670,Chad Campbell,2023-01-02,301
00000671,Amber Ramsey,2023-01-02,207
00000672,Peter Hogan,2023-01-02,221
00000673,Michele Smith,2023-01-02,294
00000674,Andrew Edwards,2023-01-02,131
00000675,Beth Rodriguez,2023-01-02,103
00000676,Jon Lewis,2023-01-02,354
00000677,Michele Goodwin,2023-01-02,202
00000678,David Martin,2023-01-02,433
00000679,Tina Lamb,2023-01-02,322
00000680,Rodney Jones,2023-01-02,481
00000681,Rebecca Myers,2023-01-02,449
00000682,Laura Johnson MD,2023-01-02,422
00000683,Kathryn Smith,2023-01-02,109
00000684,Mary Warren,2023-01-02,375
00000685,Erin Collins,2023-01-02,212
00000686,Michael Galvan,2023-01-02,341
00000687,Terri Church,2023-01-02,410
00000688,Michelle Payne,2023-01-02,174
00000689,Adam Herrera,2023-01-02,415
00000690,Tammy Davis,2023-01-02,416
00000691,Matthew Reeves,2023-01-02,289
00000692,Amanda Bowman,2023-01-02,243
00000693,Willie Henry,2023-01-02,197
00000694,Jimmy Graham,2023-01-02,105
00000695,Daisy Johnston,2023-01-02,226
00000696,Jason Armstrong,2023-01-02,136
00000697,Debra Sullivan,2023-01-02,398
00000698,Paula Ross,2023-01-02,227
00000699,Patrick Rodriguez,2023-01-02,472
00000700,Nicholas Becker,2023-01-02,361
00000701,Brian Jones,2023-01-02,435
00000702,Michele Bell,2023-01-02,410
00000703,Gabriella Rogers,2023-01-02,474
00000704,Larry Davis,2023-01-02,496
00000705,Whitney Harris,2023-01-02,352
00000706,Lisa Thomas,2023-01-02,302
00000707,Diane Douglas,2023-01-02,248
00000708,Danielle Wiley,2023-01-02,487
00000709,Danielle Vaughn,2023-01-02,466
00000710,Henry Hall,2023-01-02,375
00000711,Joyce Ellis,2023-01-02,133
00000712,Andrew Ritter,2023-01-02,129
00000713,Richard Greer,2023-01-02,206
00000714,Andrea Miller,2023-01-02,312
00000715,Patrick Dalton,2023-01-02,140
00000716,Gerald Baker,2023-01-02,129
00000717,Brandon Juarez,2023-01-02,337
00000718,Kristina Sullivan,2023-01-02,362
00000719,Brooke Ali,2023-01-02,228
00000720,James Ward,2023-01-02,296
00000721,Jacob Martinez,2023-01-02,495
00000722,Amber Cox,2023-01-02,262
00000723,Richard Kelley,2023-01-02,240
00000724,Nicole Weaver,2023-01-02,230
00000725,Kent Singh,2023-01-02,411
00000726,Christopher Carter,2023-01-02,319
00000727,Gina Perkins,2023-01-02,485
00000728,Bethany Walsh,2023-01-02,310
00000729,Christopher Foster,2023-01-02,280
00000730,Andrea Robinson,2023-01-02,138
00000731,Ryan Rodriguez II,2023-01-02,415
00000732,Douglas Jenkins,2023-01-02,143
00000733,Bradley Frank,2023-01-02,415
00000734,Kylie Oneal,2023-01-02,209
00000735,Kenneth Kelly,2023-01-02,380
00000736,Sandra Tate,2023-01-02,420
00000737,Cynthia Brady,2023-01-02,340
00000738,Brendan Perez,2023-01-02,386
00000739,Natalie Smith,2023-01-02,378
00000740,Joseph Smith,2023-01-02,209
00000741,Mr. Roberto Munoz,2023-01-02,254
00000742,Jeremy Ramos,2023-01-02,168
00000743,Jeffrey Little,2023-01-02,366
00000744,Pamela White,2023-01-02,135
00000745,Samantha Cruz,2023-01-02,302
00000746,Brian Wilson,2023-01-02,429
00000747,Kelly Williams,2023-01-02,179
00000748,Amy Cortez,2023-01-02,157
00000749,Steven Ortega,2023-01-02,185
00000750,Nicole Parrish,2023-01-02,346
00000751,Karen Keller MD,2023-01-02,452
00000752,Sarah Collins,2023-01-02,238
00000753,Tanya Abbott,2023-01-02,257
00000754,David Rodriguez,2023-01-02,376
00000755,Jeffrey Randolph,2023-01-02,249
00000756,Nicole Barr,2023-01-02,404
00000757,Virginia Chung,2023-01-02,354
00000758,Bryan Miller,2023-01-02,446
00000759,Madison Jackson,2023-01-02,228
00000760,David Powers,2023-01-02,303
00000761,Sherry Garner,2023-01-02,146
00000762,Julie Parker,2023-01-02,250
00000763,Christy Booth,2023-01-02,271
00000764,Brenda Tucker,2023-01-02,456
00000765,Thomas Vasquez,2023-01-02,301
00000766,William Williams,2023-01-02,326
00000767,Daisy Sanchez,2023-01-02,467
00000768,Jennifer Wright,2023-01-02,116
00000769,Michael Curtis,2023-01-02,417
00000770,Nicholas Santos,2023-01-02,456
00000771,Robin Jones,2023-01-02,300
00000772,Beth Hernandez,2023-01-02,417
00000773,Mark Morton,2023-01-02,192
00000774,Curtis Bray,2023-01-02,340
00000775,Danny Hernandez,2023-01-02,234
00000776,Jennifer Gray,2023-01-02,139
00000777,Claudia Garcia,2023-01-02,388
00000778,Nicole Fisher,2023-01-02,129
00000779,Victor Becker,2023-01-02,121
00000780,Kim Dalton MD,2023-01-02,238
00000781,Kaylee Tran,2023-01-02,182
00000782,Marie Matthews,2023-01-02,374
00000783,Robert Perry,2023-01-02,257
00000784,Cassie Ramirez,2023-01-02,489
00000785,Chelsea Villegas,2023-01-02,253
00000786,Richard Lyons,2023-01-02,125
00000787,Derrick Smith,2023-01-02,233
00000788,Michael Rodriguez,2023-01-02,126
00000789,Brenda Butler,2023-01-02,298
00000790,Rodney Gardner,2023-01-02,403
00000791,Gabriel Smith,2023-01-02,295
00000792,Stephanie Green,2023-01-02,269
00000793,Brandon Patrick,2023-01-02,380
00000794,Diana Cruz,2023-01-02,329
00000795,Ryan Thomas MD,2023-01-02,331
00000796,Miranda Kirk,2023-01-02,400
00000797,Sabrina Stephens,2023-01-02,126
00000798,Lisa Clark,2023-01-02,215
00000799,Paul Charles,2023-01-02,232
00000800,Gerald Hernandez,2023-01-02,318
00000801,James Ferguson,2023-01-02,198
00000802,Jacob Gilbert,2023-01-02,202
00000803,Alyssa White,2023-01-02,203
00000804,Jonathan Estrada,2023-01-02,473
00000805,Julie Gaines,2023-01-02,297
00000806,Randy Arellano,2023-01-02,356
00000807,Mary Olson,2023-01-02,168
00000808,Joshua Richardson,2023-01-02,468
00000809,Anthony Blackwell,2023-01-02,374
00000810,James Jones,2023-01-02,228
00000811,Sarah Jefferson,2023-01-02,141
00000812,John Johnson,2023-01-02,294
00000813,Jennifer Casey,2023-01-02,316
00000814,Katie Wells,2023-01-02,374
00000815,Victoria Lyons,2023-01-02,280
00000816,Brian Garrett,2023-01-02,114
00000817,Allison Fisher,2023-01-02,159
00000818,Elizabeth Mcdowell,2023-01-02,403
00000819,Raymond Perez,2023-01-02,335
00000820,Thomas King,2023-01-02,213
00000821,Beverly Ross,2023-01-02,221
00000822,Carrie Bennett,2023-01-02,147
00000823,Kimberly Smith,2023-01-02,334
00000824,Jerry Gordon,2023-01-02,233
00000825,Paul Foley,2023-01-02,193
00000826,Elizabeth Ellis,2023-01-02,489
00000827,Danielle Stark,2023-01-02,192
00000828,James Burgess,2023-01-02,491
00000829,Susan Wheeler,2023-01-02,270
00000830,Andrew Rivers,2023-01-02,143
00000831,Natalie Hicks,2023-01-02,114
00000832,Holly Chambers,2023-01-02,231
00000833,Gary Williams,2023-01-02,315
00000834,Tiffany Terry,2023-01-02,446
00000835,Denise English,2023-01-02,113
00000836,Monica Walsh,2023-01-02,223
00000837,Robin Ortega,2023-01-02,274
00000838,Kevin White,2023-01-02,171
00000839,Paula Davis,2023-01-02,403
00000840,Dr. Jessica Johnston,2023-01-02,194
00000841,Russell Williams,2023-01-02,287
00000842,Alec Marshall,2023-01-02,297
00000843,Wendy Ford,2023-01-02,198
00000844,Eric Vargas,2023-01-02,241
00000845,Kelly Huynh,2023-01-02,334
00000846,Sheila Baker,2023-01-02,298
00000847,Elizabeth Hernandez,2023-01-02,408
00000848,Nathan Ramos,2023-01-02,208
00000849,Douglas Mathews,2023-01-02,369
00000850,Dawn Levy,2023-01-02,275
00000851,Mrs. Lori Koch PhD,2023-01-02,153
00000852,Brittany Cross,2023-01-02,379
00000853,Timothy Vargas,2023-01-02,220
00000854,Richard Johnston,2023-01-02,354
00000855,Jessica Martinez,2023-01-02,492
00000856,Kim Morgan,2023-01-02,304
00000857,Amy Clarke,2023-01-02,478
00000858,Richard Gray,2023-01-02,477
00000859,John Ritter,2023-01-02,445
00000860,Emily Rose,2023-01-02,476
00000861,Tina Nicholson,2023-01-02,319
00000862,Angela Jackson,2023-01-02,326
00000863,Stephen Lawrence,2023-01-02,220
00000864,Jackie Arroyo,2023-01-02,237
00000865,Kimberly Murphy,2023-01-02,363
00000866,Michelle Hardy,2023-01-02,409
00000867,Candace Salinas,2023-01-02,276
00000868,David Brady,2023-01-02,431
00000869,Bradley Schmidt,2023-01-02,179
00000870,Garrett Moore,2023-01-02,113
00000871,Daniel Day,2023-01-02,171
00000872,Brittany Mullins,2023-01-02,170
00000873,Cassandra Kelly,2023-01-02,367
00000874,Tina Obrien,2023-01-02,419
00000875,Hailey Brown,2023-01-02,240
00000876,Glenda Booth,2023-01-02,365
00000877,Mr. Steven Taylor,2023-01-02,327
00000878,Brian Little,2023-01-02,305
00000879,James Holland,2023-01-02,357
00000880,Laura Tate,2023-01-02,299
00000881,Dana Cruz,2023-01-02,293
00000882,Miguel Kelly,2023-01-02,120
00000883,Danielle Garcia,2023-01-02,433
00000884,David Finley,2023-01-02,340
00000885,Jennifer Shaffer,2023-01-02,478
00000886,Elizabeth Perry,2023-01-02,298
00000887,Ariana Williams,2023-01-02,161
00000888,Tracy Orozco,2023-01-02,155
00000889,Curtis Garcia,2023-01-02,106
00000890,Tammy Brandt,2023-01-02,432
00000891,Jennifer Fields,2023-01-02,275
00000892,Kayla Murphy,2023-01-02,285
00000893,Tammy Johnson,2023-01-02,140
00000894,John Zavala,2023-01-02,280
00000895,Shari Golden,2023-01-02,132
00000896,Kathleen Hunter,2023-01-02,290
00000897,Richard Thomas,2023-01-02,285
00000898,Cory Lee,2023-01-02,320
00000899,Mrs. Cassandra Austin,2023-01-02,217
00000900,Nicholas Lester,2023-01-02,447
00000901,Sean Franklin,2023-01-02,220
00000902,John Jackson,2023-01-02,338
00000903,Patricia Klein,2023-01-02,369
00000904,Gina Strickland,2023-01-02,227
00000905,Johnathan Morris,2023-01-02,245
00000906,Eugene Mayer,2023-01-02,361
00000907,Kathleen Hernandez,2023-01-02,447
00000908,John Salinas,2023-01-02,402
00000909,Kim Warren,2023-01-02,343
00000910,Julie Monroe,2023-01-02,407
00000911,Mr. Todd Perry DVM,2023-01-02,335
00000912,Eric Ortiz,2023-01-02,144
00000913,Ryan Brown,2023-01-02,290
00000914,William Mendez,2023-01-02,303
00000915,Melissa Mason,2023-01-02,337
00000916,Richard Mcknight,2023-01-02,300
00000917,Kelly Rice,2023-01-02,117
00000918,Michelle Mcbride MD,2023-01-02,222
00000919,Jamie Navarro,2023-01-02,292
00000920,Emily Juarez,2023-01-02,423
00000921,Victoria Thomas,2023-01-02,148
00000922,Anthony Crawford,2023-01-02,137
00000923,Stephen Small,2023-01-02,147
00000924,Adam Fox,2023-01-02,111
00000925,Andrew Miller,2023-01-02,397
00000926,Beverly Smith,2023-01-02,321
00000927,Eric Carroll,2023-01-02,334
00000928,James Gibbs,2023-01-02,496
00000929,Karen Webb,2023-01-02,400
00000930,Sara Hayes,2023-01-02,202
00000931,Joshua Russell,2023-01-02,177
00000932,Robert Mejia,2023-01-02,256
00000933,Roy Lamb,2023-01-02,451
00000934,Nicole Russell,2023-01-02,106
00000935,Makayla Cordova,2023-01-02,212
00000936,Audrey Fuentes,2023-01-02,110
00000937,Brian Davis,2023-01-02,225
00000938,Thomas Steele,2023-01-02,436
00000939,Michelle Garcia,2023-01-02,159
00000940,Kaitlyn Gonzalez,2023-01-02,195
00000941,Sheila Bennett,2023-01-02,276
00000942,Emily Smith,2023-01-02,287
00000943,Cassandra Leach,2023-01-02,270
00000944,Susan Wang,2023-01-02,359
00000945,Alexander Nichols,2023-01-02,362
00000946,Carl Sanchez,2023-01-02,124
00000947,Taylor Wilson,2023-01-02,285
00000948,Edward Ross,2023-01-02,336
00000949,Elaine Gonzalez,2023-01-02,187
00000950,Andrew Lee,2023-01-02,141
00000951,Chad Cummings,2023-01-02,104
00000952,Benjamin Rogers,2023-01-02,214
00000953,Latoya Mccall,2023-01-02,361
00000954,Cassandra Walker,2023-01-02,212
00000955,Omar Barnes,2023-01-02,385
00000956,Bryce Henderson,2023-01-02,419
00000957,Nicole Paul,2023-01-02,315
00000958,Scott Martinez,2023-01-02,115
00000959,Leslie Hernandez,2023-01-02,342
00000960,Gail Smith,2023-01-02,469
00000961,Mr. Joel Miller,2023-01-02,376
00000962,William Pittman,2023-01-02,346
00000963,Stephanie Green,2023-01-02,498
00000964,Cheryl Delgado,2023-01-02,143
00000965,Samantha Short,2023-01-02,387
00000966,Nicholas Martin II,2023-01-02,326
00000967,Karen Noble,2023-01-02,118
00000968,Anthony Murray,2023-01-02,488
00000969,Isaac Huffman,2023-01-02,245
00000970,Shelly Rivera,2023-01-02,456
00000971,Louis Jones,2023-01-02,299
00000972,Mrs. Melissa Olson,2023-01-02,363
00000973,James Nichols,2023-01-02,346
00000974,David Richards,2023-01-02,432
00000975,Meghan Jackson,2023-01-02,393
00000976,John Evans,2023-01-02,341
00000977,Jose Villanueva,2023-01-02,111
00000978,Martin Mcdowell,2023-01-02,490
00000979,Jessica Robinson,2023-01-02,108
00000980,Christine Adams,2023-01-02,162
00000981,Lindsey Lane,2023-01-02,240
00000982,James Davis,2023-01-02,213
00000983,Bonnie Williams,2023-01-02,173
00000984,Susan Turner,2023-01-02,195
00000985,Joan Crane,2023-01-02,348
00000986,Patrick Glenn,2023-01-02,471
00000987,Jacob Martin,2023-01-02,122
00000988,Jonathan Smith,2023-01-02,414
00000989,James Petersen,2023-01-02,448
00000990,Robert Cook,2023-01-02,297
00000991,Valerie Carr,2023-01-02,307
00000992,Aaron Johnson,2023-01-02,465
00000993,Gail Valdez,2023-01-02,278
00000994,Cassandra Johnson,2023-01-02,191
00000995,Kyle Hudson,2023-01-02,368
00000996,Karen Turner,2023-01-02,438
00000997,Eric Warren,2023-01-02,421
00000998,Jane Garza,2023-01-02,386
00000999,Christopher Cantrell,2023-01-02,195
00001000,Jeremy Carson,2023-01-02,223
